Brandon Freeman,(355)-687-3262,brandon.freeman55@example.com,Fremont,United States
Colleen Diaz,(255)-595-8393,colleen.diaz83@example.com,Fremont,United States
Nicole Ford,(946)-638-6034,nicole.ford75@example.com,Fremont,United States
Addison Olson,(223)-399-7637,addison.olson28@example.com,Pleasant Hill,United States
Douglas Fletcher,(132)-553-7242,douglas.fletcher51@example.com,Pleasant Hill,United States
Floyd Steward,(145)-138-3401,floyd.steward34@example.com,Pleasant Hill,United States
Chester Reed,(979)-904-8902,chester.reed79@example.com,San Francisco,United States
Dwayne Newman,(614)-177-4937,dwayne.newman28@example.com,San Francisco,United States
Edwin Hansen,(943)-352-2555,edwin.hansen58@example.com,Fairfield,United States
Jesse Brown,(829)-386-3277,jesse.brown74@example.com,Fairfield,United States
Oscar Morgan,(561)-239-1744,oscar.morgan11@example.com,Fairfield,United States
Soham Palme,(379)-167-2040,soham.palmer15@example.com,Fairfield,United States
Lorraine Douglas,(443)-648-9155,lorraine.douglas35@example.com,Stockton,United States
Jeff Lawson,(461)-417-6587,jeff.lawson52@example.com,Chicago,United States
Ready Mat,(803)-873-6126,info@deltapc.example.com,Tracy,United States
Billy Fox,(915)-498-5611,billy.fox45@example.com,Tracy,United States
Edith Sanchez,(938)-175-2048,edith.sanchez68@example.com,Tracy,United States
Julie Richards,(225)-148-7811,julie.richards84@example.com,Tracy,United States
Kim Snyder,(215)-379-4865,kim.snyder96@example.com,Tracy,United States
Sandra Neal,(430)-371-7293,sandra.neal80@example.com,Tracy,United States
Theodore Gardner,(186)-612-6561,theodore.gardner36@example.com,Tracy,United States
Travis Mendoza,(840)-944-8661,travis.mendoza24@example.com,Tracy,United States
Gordon Owens,(336)-723-6569,gordon.owens47@example.com,Tracy,United States
Toni Rhodes,(198)-539-4948,toni.rhodes11@example.com,Tracy,United States
Ron Gibson,(976)-397-4091,ron.gibson76@example.com,Turlock,United States
Tom Ruiz,(102)-834-1602,tom.ruiz89@example.com,Turlock,United States
Willie Burke,(846)-523-2111,willie.burke80@example.com,Turlock,United States
Joel Willis,(683)-556-5104,joel.willis63@example.com,Bayonne,United States
